[ 
  { 
     "english":[ 
        { 
           "categories":"News Categories",
           "welcome":"I am iRa",
           "welcome1":"Your Personal Storyteller",
           "typing":"Typing",
           "feedback":"Feedback",
           "feedback1":"**Please provide your feedback",
           "details":"**Please provide some more details"
        }
     ],
     "hindi":[ 
        { 
           "categories":"समाचार श्रेणियाँ",
           "welcome":"मैं iRa हूँ",
           "welcome1":"योर पर्सनल स्टोरीटेलर",
           "typing":"typing",
           "feedback":"प्रतिपुष्टि",
           "feedback1":"** कृपया अपनी प्रतिक्रिया दें",
           "details":"** कृपया कुछ और details प्रदान करें"
        }
     ],
     "bangali":[ 
        { 
           "categories":"সংবাদ বিভাগ",
           "welcome":"আমি আইআরএ",
           "welcome1":"আপনার ব্যক্তিগত গল্পকার",
           "typing":"টাইপিং",
           "feedback":"প্রতিক্রিয়া",
           "feedback1":"** দয়া করে আপনার প্রতিক্রিয়া সরবরাহ করুন",
           "details":"** দয়া করে আরও কিছু বিশদ সরবরাহ করুন"
        }
     ],
     "kannada":[ 
        { 
           "categories":"ಸುದ್ದಿ ವರ್ಗಗಳು",
           "welcome":"ನಾನು ಐರಾ",
           "welcome1":"ನಿಮ್ಮ ವೈಯಕ್ತಿಕ ಕಥೆಗಾರ",
           "typing":"ಟೈಪಿಂಗ್",
           "feedback":"ಪ್ರತಿಕ್ರಿಯೆ",
           "feedback1":"** ದಯವಿಟ್ಟು ನಿಮ್ಮ ಪ್ರತಿಕ್ರಿಯೆಯನ್ನು ಒದಗಿಸಿ",
           "details":"** ದಯವಿಟ್ಟು ಇನ್ನಷ್ಟು ವಿವರಗಳನ್ನು ನೀಡಿ"
        }
     ],
     "malayalam":[ 
        { 
           "categories":"വാർത്താ വിഭാഗങ്ങൾ",
           "welcome":"ഞാൻ ഐറ",
           "welcome1":"നിങ്ങളുടെ സ്വകാര്യ കഥാകാരൻ",
           "typing":"ടൈപ്പിംഗ്",
           "feedback":"ഫീഡ്‌ബാക്ക്",
           "feedback1":"** ദയവായി നിങ്ങളുടെ ഫീഡ്‌ബാക്ക് നൽകുക",
           "details":"** കുറച്ച് കൂടുതൽ വിശദാംശങ്ങൾ നൽകുക"
        }
     ],
     "marathi":[ 
        { 
           "categories":"बातम्या श्रेणी",
           "welcome":"मी आयआरए आहे",
           "welcome1":"आपला वैयक्तिक कथाकार",
           "typing":"टाइपिंग",
           "feedback":"अभिप्राय",
           "feedback1":"** कृपया आपला अभिप्राय द्या",
           "details":"** कृपया आणखी काही तपशील द्या"
        }
     ],
     "telugu":[ 
        { 
           "categories":"వార్తా వర్గాలు",
           "welcome":"నేను ఐరా",
           "welcome1":"మీ వ్యక్తిగత కథకుడు",
           "typing":"టైపింగ్",
           "feedback":"అభిప్రాయం",
           "feedback1":"** దయచేసి మీ అభిప్రాయాన్ని అందించండి",
           "details":"** దయచేసి మరికొన్ని వివరాలను అందించండి"
        }
     ],
     "tamil":[ 
        { 
           "categories":"செய்தி வகைகள்",
           "welcome":"நான் ஐரா",
           "welcome1":"உங்கள் தனிப்பட்ட கதைசொல்லி",
           "typing":"தட்டச்சு",
           "feedback":"கருத்து",
           "feedback1":"** தயவுசெய்து உங்கள் கருத்தை வழங்கவும்",
           "details":"** தயவுசெய்து மேலும் சில விவரங்களை வழங்கவும்"
        }
     ],
     "gujarati":[ 
        { 
           "categories":"સંદેશ પ્રકાર",
           "welcome":"હું ઇરા છું",
           "welcome1":"તમારો વ્યક્તિગત વાર્તાકાર",
           "typing":"પ્રકાર",
           "feddback":"અભિપ્રાય",
           "feedback1":"** કૃપા કરીને તમારો પ્રતિસાદ આપો",
           "details":"** કૃપા કરી કેટલીક વધુ વિગતો પ્રદાન કરો."
        }
     ],
     "punjabi":[ 
        { 
           "categories":"ਸੰਦੇਸ਼ ਦੀਆਂ ਕਿਸਮਾਂ",
           "welcome":"ਮੈਂ ਈਰਾ ਹਾਂ",
           "welcome1":"ਤੁਹਾਡਾ ਨਿੱਜੀ ਕਹਾਣੀਕਾਰ",
           "typing":"ਕਿਸਮ",
           "feedback":"ਰਾਏ",
           "feedback1":"** ਕਿਰਪਾ ਕਰਕੇ ਆਪਣੀ ਫੀਡਬੈਕ ਦਿਓ",
           "details":"** ਕਿਰਪਾ ਕਰਕੇ ਕੁਝ ਹੋਰ ਵੇਰਵੇ ਦਿਓ."
        }
     ]
  }
]